{
  "properties": {
    "input": {
      "type": "object",
      "dynamic": true
    },
    "actions": {
      "type": "object",
      "dynamic": true
    },
    "transform": {
      "type": "object",
      "dynamic": true
    },
    "condition": {
      "type": "object",
      "dynamic": true
    },
    "trigger": {
      "type": "object",
      "dynamic": true
    },
    "report": {
      "type": "boolean"
    },
    "disable": {
      "type": "boolean"
    },
    "title": {
      "type": "text"
    },
    "sentinl": {
      "type": "object",
      "dynamic": true
    }
  }
}
